{
  "Fine-tune_roberta": {
    "accuracy": 0.8768,
    "precision": 0.847610392422031,
    "recall": 0.8768,
    "f1-score": 0.8547169525656833
  },
  "VADER": {
    "accuracy": 0.08322749070285371,
    "precision": 0.8609266243040695,
    "recall": 0.08322749070285371,
    "f1-score": 0.026940313543016316
  },
  "Pretrained RoBERTa": {
    "accuracy": 0.8451677708310611,
    "precision": 0.8468382673897086,
    "recall": 0.8451677708310611,
    "f1-score": 0.845876235890964
  },
  "logistic_regression": {
    "accuracy": 0.9166072952124619,
    "precision": 0.9113745592436615,
    "recall": 0.9166072952124619,
    "f1-score": 0.9101319415465912
  }
}
