{
    "Logistics_regression": {
        "accuracy": 0.957085667012162,
        "precision": 0.9622502824920738,
        "recall": 0.9879257523878177,
        "f1-score": 0.9556954546164886
    }
}