{
    "logistic_regression": {
        "accuracy": 0.9166072952124619,
        "precision": 0.9113745592436615,
        "recall": 0.9166072952124619,
        "f1-score": 0.9101319415465912
    }
}