{
    "Pre-trained_roberta": {
        "accuracy": 0.8451677708310611,
        "precision": 0.8468382673897086,
        "recall": 0.8451677708310611,
        "f1-score": 0.845876235890964
    }
}