{
    "VADER": {
        "accuracy": 0.08322749070285371,
        "precision": 0.8609266243040695,
        "recall": 0.08322749070285371,
        "f1-score": 0.026940313543016316
    }
}