{
    "Negative": {
        "precision": 0.751696065128901,
        "recall": 0.7486486486486487,
        "f1-score": 0.7501692620176033,
        "support": 1480.0
    },
    "Neutral": {
        "precision": 0.4166666666666667,
        "recall": 0.06040268456375839,
        "f1-score": 0.10550996483001172,
        "support": 745.0
    },
    "Positive": {
        "precision": 0.9016393442622951,
        "recall": 0.9762057877813505,
        "f1-score": 0.9374421046131044,
        "support": 7775.0
    },
    "accuracy": 0.8743,
    "macro avg": {
        "precision": 0.6900006920192876,
        "recall": 0.5950857069979192,
        "f1-score": 0.5977071104869065,
        "support": 10000.0
    },
    "weighted avg": {
        "precision": 0.8433172744696785,
        "recall": 0.8743,
        "f1-score": 0.8477467794951299,
        "support": 10000.0
    }
}