{
    "accuracy": 0.877,
    "precision": 0.846386193802159,
    "recall": 0.877,
    "f1-score": 0.8527096762943531
}